Mound,
Self-Titled,
ALEXANDER TINEI - Dark Pearl,
The Arc and the Line: The Conceptual Prints of Sol LeWitt,
Betye Saar: Red Time,
Sonia Gechtoff: The Ferus Years,
HOT EARL GREEN SAUSAGE TEA BARBIE (FIRST FLUSH),
Domótica ameba,
Folkert de Jong, The Man from Delft,
Nunca caminarás solo,
Nick Oberthaler (Drawing Space),
Walton Ford: I Don't Like To Look At Him, Jack. It Makes Me Think Of That Awful Day On the Island,
Zhang Huan: Q Confucius,
Avedon / Paris,
A Break from Content: Jason Middlebrook,
Howard Hodgkin,
Richard Serra: Drawings,
Matta: A Centennial Celebration,
River Street: Daniel Phillips,
Hiroshi Sugimoto: Surface of the Third Order,
Roberts & Tilton at Art Basel Miami Beach 2011,
what we talk about when we talk about love,
Secondary Structures: Michael Zelehoski,
Dr. (Illegible),
Pietro Ruffo: The Political Gymnasium,
Jonathan Yeo: You're Only Young Twice,
Into the Surface,
Point of Entry,
Hiroshi Sugimoto: Lake Superior,
Remastered,
