Andrea Bowers,
A 50 Year Retrospective of Paintings & Prints,
Shadows and Other Paintings,
Face the Music,
Benjamin Kress,
The Study of Kabakov,
Adriana Bustus,
For the Listener,
Group Exhibition,
Habitat,
Max de Esteban â€“ Proposition One,
Clay and Bronze,
Lovelife,
Vanishing Act,
The Passion of Christ,
Herald,
Working Together,
Ladies Who Punch,
Marilyn Minter,
Transfer Drawings,
Straight to the Point & Peter Blum ,
The Edge of the Earth Isn't Far From Here,
Childish Things,
The Senior Discount,
Yamaikaleter,
Recent Collages,
Large Paintings,
Joshua Neustein / Sergej Jensen / N. Dash,
New Paintings,
Free Associations,
